business_id_1, business_id_2, similarity
-8O4kt8AIRhM3OUxt-pWLg,_p64KqqRmPwGKhZ-xZwhtg,0.5
-A5jntJgFglQ6zwAmOiOMw,cTqIuG-fvlQQL0OWzsFdig,0.5
-LfTBo0oa_uD454ScEW2XA,Lwb6bG1Qu3BbW7FJj5suLw,0.5
-LfTBo0oa_uD454ScEW2XA,aokqWHt8vMf5iwj8KZZ5eg,0.5
-LfTBo0oa_uD454ScEW2XA,J5U-nbhKSnnX7DJGT6QELg,1.0
-Mm02AeY1PMGg-l-ShMxUg,RWwvuTbnf3DleUSiFbUscg,0.5
-N_YCDH4HijYnJ-RisQfHA,zm8u9z2KCwEkNiCD59UQ3Q,0.5
-N_YCDH4HijYnJ-RisQfHA,W2Vis19kUa7kP6GkSvJ9zQ,0.5
-ePLgQ_afOTW1STxD-2RIA,fBU5QssrXMXPbJWD08o9zg,0.5
-fn65iT4z-nh1Ybfyajxng,9BQGpsIRhs9cRHuGh9xuJw,0.5
06X34OSshQJPDiyUDHtS0A,or4yipilbCkKIFnF1RP5Ow,0.5
06X34OSshQJPDiyUDHtS0A,rsoxvO7ku3fZdhxAw739bQ,0.5
0BOdyChBbhGjQXRWZtDscQ,uocjMsMLvB9o_0nIRKIR6w,1.0
0FJ22K--OjiiQJZ8VJIpJw,ObJJ9S04UuIIjMHZTbK8Kw,1.0
0JoteSDMdGJSgYzk60vSdQ,NjypbHnZG6HjNQVDVQ_iYA,0.5
0Lq-MK2LwhntBCF7G2t71w,WvcUKsNMERSP_dPkgsq9ZA,0.5
0PenhUhRbw2xd_suA68IjA,_11zD3Vo-oyd21A_t5B3BA,0.5
0PenhUhRbw2xd_suA68IjA,7jKDOB9b_nijq0-djwyUTw,0.5
0TUqA5zzBpj8izS96M_50A,PMTrNqHunjLgUfnuALUnmQ,0.5
0WOlYhMZFtitsupK3VP_2w,dE_5fWVjBA0W4H7q2iwijQ,0.6666666666666666
0e2oJ82g4ZfvQzIc8SE9Xw,tZy8IQbEWVB8DW8NdGc9FQ,0.5
0l_HQpZ4gsR5T6Ejqcgi2Q,smnXd7cSduSxe8CoYyLCyw,0.5
0zC1EGTJFd5_xPjHruQMZQ,TfgGLuX0JBr-KKXatxQWFQ,0.5
12g_z3nFKbN2telbzG5ZWQ,2FQ4fhO6_gXCYRDsw5wtQw,0.5
1839Avk-JpsRaBtrNRbqyg,cpxobfqM8IuF78WUfrj9_Q,0.5
1AyaRLA83q_V9D3bYevRkQ,8m1HM54_hE6UcQcxWTWMaA,0.5
1PUPTbQRums97s6yfTnA5A,lbFkq0Ac2nXeeWBCJ0jZRA,0.5
1VQmZoUwNbNik7EQs_EHeQ,n3Lw-lO8scCxiVTlIjUoqg,1.0
1ddi7j3nph9tuU3J3TK6LA,zlQMtbgJVzXMRy3cIHww1Q,0.5
1p7PF2WSnR9P_NHkcslp9A,9eXubYXgL7Chi4ZLuBBOKQ,0.5
1p7PF2WSnR9P_NHkcslp9A,5UNsySfBLt1zf7iCurXXBA,0.5
2-hzRW7iwQE0gzQIyQnwlA,6h7RuXs79Ok_8RPRbUapJg,0.5
20vCzyibdvXOxW42h9v_MQ,6QKauV9Qt9VgX38-R7Q--g,0.6666666666666666
2B4bC4w4PDC8Pj53SfTG2g,SqzFjKz5PQCibg5OKk-jBQ,0.5
2TFmNewkeZVUXXrHjfHPAQ,Qan7Jinv96vX4cvfmsStPg,1.0
2aWV8Rx4TwtB0x2pfIPNxA,bYPahCt2MBgEqSahPS8GJQ,1.0
2hgfYu-jBRUGybzl_CvqvA,9K2FHkajUaTU4P2cfFJmGQ,0.5
2kfXHEV-bx0nTp0MzLQgSA,eNfSygNzzmwR33QXpfC-Qg,0.5
2pbOSrbB5AtQIa240AXNvQ,pVLZQRs67CF4gZCEYCe_3Q,0.5
30fH0eHUXorWSR2-C4PuiA,DPpi9r4FGuR6WfeqQKL4Nw,0.5
33hBdrw45g9OB_uS-802Lw,Erf_MwkL0Gls3tCJvz41-A,0.5
3A9blBRRHiO5HPr0nH_YNg,i-LDatuEXFN3EDZK1sgllQ,0.5
3B74iILT_W1ptfQeW7pIYQ,bkh5o6bCzDCovSkRYBsU1w,0.5
3IJ7MtMDCe5_vPGNpquIeA,LCzyOZMRyB6tKE6bPeWeeQ,1.0
3P37jROxsfYz-en2dtCp-w,Iz3Cpk4HEd88K0niEmdK5w,1.0
3bpMCRbjDe-rNvHAXYvUCw,7hlICFMky5fPFxeYRgg__w,0.5
3hI4ZGiuioBwUq62Q-oJiw,NZnhc2sEQy3RmzKTZnqtwQ,0.5
3lRFcrfR3IrSAQJtrnn80A,APTiouqg0vmMznY_UoJ6MA,0.5
4-0ozduHY8Ag6cwXMl8UAQ,hamdxLntv7uASAmOSKBLig,1.0
4-0ozduHY8Ag6cwXMl8UAQ,wbNWiuY5IDbvouNQAZsS-Q,0.5
4XGjbI2Ggi-kdgt9eZR83w,H8mq-5oLkF9jlfyYi3vvOw,0.6
4bQ86VHLp0nkd2G7MmoJ2g,cFpvRRsauuTchKGHbbyYMQ,1.0
4kiFDm5NXJgGks9c9JY0_A,yt9VdyKrerH4G8n-dmlGkw,0.5
4kiFDm5NXJgGks9c9JY0_A,RWwvuTbnf3DleUSiFbUscg,0.5
4rOTvZwCV_mIVO6BXZ90JQ,OEnBuiez0un3EqtWjnWpSg,0.5
5IDegt9MPDGOtVYfUB6pXA,f9nJNel6ySgSzZvmF7l-4g,0.5
5UNsySfBLt1zf7iCurXXBA,9eXubYXgL7Chi4ZLuBBOKQ,1.0
5UNsySfBLt1zf7iCurXXBA,D8whLHsJ2f_tM3Y2lJgMOg,0.5
5_5AT_uw_akxMIu_8LLhew,yFKNTMyCQZ92M91A_yavhw,0.5
5lD49ZF32TF55-msaKPjEg,BEWCJ_RCjV09UXZNrOLCpw,0.5
5m_xSthxwPoR-XvJvtTeNQ,Lycld8xZmrgbRJD4qDxgGA,0.5
5s_f9DAynHW9rSwfOXfUWA,6pfBjZNfddxaF_Gop9Es0Q,0.5
5s_f9DAynHW9rSwfOXfUWA,xEPqWQlc77wzroKW5EbfGA,0.5
5uvf3QpmrdU2aiqmF4278A,SUgldud8wiwCg5tkULepBQ,0.5
6--bnN_gTtztYNetz3xrrQ,8fR3XpJnMQDGopj0_mlsYA,0.5
68HNLNwMfXu1NuL_2E4N7A,a9KUNRphQVLeCsC3RAEQPA,0.5
69snoDreEoaYtlwOQUzSbg,nFwhNevX1CuFp04Qlcpl6g,0.5
6KCv5NSfBI159wW4QT0Y0w,egLgkvwupLaUXhwnWnvp7A,0.5
6KCv5NSfBI159wW4QT0Y0w,xswOBJzAg4MtfDjbYWjx1A,0.5
6PpQuIy1N8bhjSfvy3rnRA,QeyLKrpD_F_D5QlPb9MrdQ,1.0
6PpQuIy1N8bhjSfvy3rnRA,obUj6W57aPeGoiIYuayrCQ,0.5
6QKauV9Qt9VgX38-R7Q--g,CAOnmH06liJa74jkK-uZ3A,0.5
6kcjOA5J8NFgkx7DsrKghg,NDxLVsaoxl7l0qUy5eCN6g,0.5
6nMYROXu0VX4Ytpdsfi3XA,-i3dOjumvOw-52aGXU1xDg,0.5
6sCdVRtmhJgNqKh9Vx6JXw,uyFQv-D-E5JfNIu3_xOVww,0.5
6sCdVRtmhJgNqKh9Vx6JXw,WvkxYyA1fXDPDyqIVn8zBQ,0.5
6zup5PwUm8dHlp0s2qxAbg,uQdk6xm0TE4qji48yysRDA,0.5
744U45t4T97Q-0wqrsmKog,Qa3CAciWwIUXM-KzwTv4Wg,0.5
74PuNP7egqbaloqDecGsrA,cfMqHwJc4qgdIL6oew9EJQ,0.5
7LLU_dpe7iN97nJzYmTvjQ,COqLTo3bb1fuMIg2_fA6Fw,0.5
7LLU_dpe7iN97nJzYmTvjQ,G59Wxm8eicbgOBxdZhxhVQ,1.0
7LLU_dpe7iN97nJzYmTvjQ,i95z3PicJ4p_oAYXBioznA,1.0
7MltaA4C_wYJ72JHCOS4zQ,NbJLcLffxFvYTD7MfgCXOg,0.5
7PO_nPxbCMDsUty_u-C-9w,M6-HvE8lj4tJgiJ6xO8Vhw,0.5
7s39xlfRI4AJqOkjexPRMA,aq5t70LUvN3KdUdYzdhd2Q,1.0
7wJmtqPXXfK3NB_E8oOUGg,ysq_dA5tsPs3EYGMAL7pTQ,0.5
7wJmtqPXXfK3NB_E8oOUGg,_HhZV5S7sypfcE2AcEkL4w,0.5
7xDPzeWjMnUsGFMRmmNwBA,GxbUl5s9IOS01-bV0yT7qQ,1.0
85VsT6NwmbnN1zd_U47TzA,uAqXhs9p2la0tKgGyTk-0Q,0.5
8D2R7acumiJgJXJ5NMF4GA,CAOnmH06liJa74jkK-uZ3A,1.0
8D2R7acumiJgJXJ5NMF4GA,6QKauV9Qt9VgX38-R7Q--g,0.5
8RYxXVeYvXpfFmBTcqbY4g,OqF8enx9gNcgWgdODPYDLg,0.5
8VLDDOtJmp5pPiYokIlRfQ,5J6uI0fpUfIgHe1V_UfcZg,0.5
8dBeoh0UMEzen3jHgFqWTA,YLPw8hMpxJufA28_0JN5vA,0.5
8hkRhWdnSWQswxHHQb5x9g,OF7CLTVXD5zvsi7TZ7gU0Q,0.6666666666666666
8hkRhWdnSWQswxHHQb5x9g,_HhZV5S7sypfcE2AcEkL4w,0.5
8m1HM54_hE6UcQcxWTWMaA,INzI3zEScyAWujsCqyIXoQ,0.5
8v66rFpXa87u2jRGOn8ZfA,pFPryJ4XEzuiBnaUu5LINg,1.0
8v66rFpXa87u2jRGOn8ZfA,ZKvbVqYc2OsqXSlYlNsBGA,0.5
9BQGpsIRhs9cRHuGh9xuJw,l_kfIryIyF_hcQsVxtmGMA,0.6
9eFrFvgUag_jw3mTr1Oksw,zxzG2WLlxcxGyTmGtL5Bsw,0.5
9sDuZJ5eMwS8Xdm9wLNIOg,7rf7j0WPx7kYZj5GAXKS3g,0.5
AC69u-cjLnkLe6SB7vv9SQ,q0Zmv8G9KpfgFWLiqNeFpg,0.5
AC69u-cjLnkLe6SB7vv9SQ,gvXwV7bGB_qWuHS05x1FAg,0.5
AI-LZ6BgPgChSpRGoVJW2w,1jpBooSSrmiNMWMtR9rmng,0.5
AI-LZ6BgPgChSpRGoVJW2w,5_5AT_uw_akxMIu_8LLhew,0.5
Ah4i15g8Ow_zphzcpulTxQ,aANR9KZfeCMVF6kMls58Sw,0.5
AnBIIqzFTO4jZ6z_uI36Kw,58TsZIweIkb8B4iOkA4jWQ,0.5
Aru8Cpu9YKvQzZcbgs7rjQ,ozn76OaW1HA5mJDgQLg1cA,1.0
BLGo7Hnn6080YJHJAtifOw,B7UeQVtXDcH8EXTc8p_M1Q,0.6666666666666666
BkqM_Ou82P3gn_PTxEN3pw,1S6eB9Ag2VMx3Ab7LHORJw,0.5
Bmv3nHS2nfjzhkDQMsLAWQ,m9eF1rD6Cnwn69z45_cBLA,0.5
C-JdFdmF130R53GOJRX3Zg,N-U0o7hIKy3Z6KY_O4RuPg,0.5
C-JdFdmF130R53GOJRX3Zg,Lm_Oqcg0t04ok7upUSO27A,0.5
C-JdFdmF130R53GOJRX3Zg,vgVQFufjuqDaHj19ntOiFw,1.0
CGRWBy7aVNEdEW5Hv11QjQ,tgB4e09PdFwkMQpP29hZDA,0.5
CHFw_V836nIKpWtqMP4E5g,ky4AyA_y6gx20tf95mZxSA,0.5
COqLTo3bb1fuMIg2_fA6Fw,i95z3PicJ4p_oAYXBioznA,0.5
CSn2-XpArLLYeZ_k2BKzrg,CrIWqmuO2uQWwl3z11K_BA,0.5
CWh5Jvne98_jz0GO7hbzHw,_cPKhspnmpEEVXYKO3l-Sg,0.5
CaDTCay6IFMGsQ1dVJaw8A,mr5Ds305PzhExis8MZgziw,0.5
CgF0aw5JgUnpn4BrieN5QA,vt7iOHC_O7NO5-88P7SXcw,0.5
CpqlSQEt7eLl8GVmGMlXLA,rPeHN1B8FyYzI7GzVFam3w,0.5
CpqlSQEt7eLl8GVmGMlXLA,ugIDAeQPfKs9GVBaPUSBkA,0.5
CrIWqmuO2uQWwl3z11K_BA,pCer-vIZM05p423MFmiSng,0.5
CrTbzS1sdzgnBlJU6fYKpw,XNqfEq_CVYltOfg4aUMQrw,0.5
CuyHam2xMGNrGjaToZjcig,7Dwo13ZxVBKkBuRhYEBMiw,0.5
D47sxEtW7DZHfUnWKrjRsg,L5dX210yl63PNOfZJHgUEg,0.5
D8whLHsJ2f_tM3Y2lJgMOg,9eXubYXgL7Chi4ZLuBBOKQ,0.5
D8ztK8n4L0_6cAslAPFYTg,KAgQ0bua30vuMZUmRHWcKQ,0.5
D8ztK8n4L0_6cAslAPFYTg,ewzwgSuA0_6um2q9U-iQvA,0.5
D8ztK8n4L0_6cAslAPFYTg,vgaA8bqGtd2uYj3KuWC9yw,0.5
DIR0hMsAW16GPVqYzb9ibg,hcBPTka0KJy-AIui5zIN0Q,0.5
DPpi9r4FGuR6WfeqQKL4Nw,OFaMjL9nLF-A51KHNW8nfg,0.6666666666666666
DTmYVvujYjELUgLfPRtN7g,0l_HQpZ4gsR5T6Ejqcgi2Q,0.5
DwJlGxAJvohbDR_5jV-ERA,Pktuj7R2lsTymGj0nNL5fA,0.5
DwJlGxAJvohbDR_5jV-ERA,K1Y1cQT6KuWOfAoDbDIh_g,0.5
DwSFTVUZX0xIE6T54yp2JQ,N92Pbr2ygKDLkjmr-4BAPw,0.5
E0TvZb8Nkn1vmRMkN0jMDA,eZ41W1WJROG29EZDq5N2Zg,0.5
E2hSxPmu4V1POrN676y_Qg,NdQzxU4hHk25mUoltnw4wg,1.0
E6BUlDkXuBtX-5CoWWtw6A,odYVVzTk1OGRMtp7P0n7zQ,1.0
E6BUlDkXuBtX-5CoWWtw6A,hf2oiNqYYWoF2-iNYSnOMg,0.5
E8kRMoIZd8NrpZd57b2JmQ,DMuWz0vIXHKhB-4Un8Gysg,0.5
E8kRMoIZd8NrpZd57b2JmQ,yrC2AxuY3wXNodbuClLRGg,0.5
EAFuhvRxoAhYARuiXCsUSw,1FGe55e-ZPkumoBK7cyjnA,0.5
ELxiPon1qYylk1TUdidpJA,XHdlhg3GyMMY9qS3brmmgQ,0.5
ESZM2J7WJST2f6_NjII43g,EodJxsEW5prSRB1hju5KoQ,0.5
EUtPSmcxmdhX7eGpi1T-dA,pOAj4Yg5siEGTwxvlYccLw,1.0
EfmMnFXJnJe9Mfbl49qn7Q,hzAOz6E9gpQf6i6ciHmIPw,0.5
Ej0sTcCOsvjsamtvdeGlOA,JpBNnAZE3DDQHMp2mEC1Kw,1.0
EsE8KTPqAJ2MjJdmuAifRw,q5WWnhtprzfpHPYt1RVxHQ,0.5
F8ZTmT9pGiSF2jx9FZDjdQ,FyfXTZpQPewhgI7zU5pVtA,0.5
F91geKdV8XsF9Cze8Zm8yg,hvridAom9cjx4mfFYasVrA,0.5
FGRw7knltfK9q4Z6_hev6w,XikzLI3Zm02WR9a2xO5C-w,0.5
FGRw7knltfK9q4Z6_hev6w,ow9r_DRGqgpiNUr4SXBHrw,0.5
FUJGBwxflIoKiCRK1AdTgA,RWwvuTbnf3DleUSiFbUscg,0.5
FVLveNsa_rpmJbv5k8onfw,sYQ5wGRg4gX2iWv6swG6Ng,0.5
FdAFfmeqaaY-1463SyTwGQ,zuu87Wx0Sv2KCUzY_wGSKQ,0.5
FndkIvEO5vjb0s8cRpzsKg,tzLBPCVz6uB7vWgDTU6Ujw,1.0
FysNvkBMtHaJAwnarboMNQ,Lycld8xZmrgbRJD4qDxgGA,0.5
G4-SMaqwXp1tkKuZfO5lAw,bKkg_SW-lWU2XDNVodksOg,1.0
G4-SMaqwXp1tkKuZfO5lAw,_GQtY4e4mwQlm-f3DwCIDw,0.5
G59Wxm8eicbgOBxdZhxhVQ,COqLTo3bb1fuMIg2_fA6Fw,0.5
G59Wxm8eicbgOBxdZhxhVQ,i95z3PicJ4p_oAYXBioznA,1.0
GhAIjlGY4_iAIwST9Ox-RA,zA29jzbo8kNy9eGgseh0Hg,1.0
GhTh08iHJGMgkXBqiAHKcA,mKHGo9_iNGl3vA4IwsqQ2g,0.5
GoYN0XMH_ETxzMlD6NPczQ,8D2R7acumiJgJXJ5NMF4GA,0.5
GoYN0XMH_ETxzMlD6NPczQ,CAOnmH06liJa74jkK-uZ3A,0.5
GxBcnU3ONa9htY5gPd72BQ,y3FiZeYWQ9umQpmbhKqFOA,0.5
H9yu7m92Ajdamb5yflozWA,L75ccfS0XRtIRA4399U8Pg,0.5
HONwpNQ2fmwMTOIZu0VI1A,TG6m1XuLFgbYRGo-4CD9Hg,0.5
HOarFvVeMrdrikfjf7-uGQ,54fC1Sbd5MYxo07LMauSbQ,0.5
HTtzkGwQ1jPP2m4os-mAyA,tpGXuR5HYhzpCYtzqkxGCA,0.5
HUMdEqtlPF70AqyZmiyAhA,Qzp0PWFF51Yj_cXE5fepmA,0.5
HUMdEqtlPF70AqyZmiyAhA,-UV2tt3gy57-5a29paA_4w,0.5
HW8iARU2n2wOkezDWKit_Q,hFay_o8K1YfqFiMFoSPv5Q,0.5
HYm_XUwKk_s-gCC0kdERDA,vEsAPc0fEDP1YPeSQanxfQ,0.5
Hgcj-_rcTfHIEbHMUpDs4w,nZvjGGWpzkPOf0ypOezoZg,0.5
HlYzk84INQaNslFT-lyBFw,7dtzpuYYpZeg-kJj3yTcUQ,0.75
Hooe-5-Drf63HI9Pj6dA5w,Inh4zML74UuNekCzM_JP2w,0.5
Hooe-5-Drf63HI9Pj6dA5w,APTiouqg0vmMznY_UoJ6MA,0.5
HpKcIWjcq3osQ13pBF0RXw,vmHnZhAnPtrDZiomYR-YgA,0.5
HqSoVfyjETNch22DIrcB8Q,uJskEypcuwx_WhCWiSmJKg,0.5
HzvKe4EbQF0Wtf_WzIcvQA,S4AoACdQHexs4tMiodZiYg,0.5
HzvKe4EbQF0Wtf_WzIcvQA,VdWMXE1mw1-XeAYlq2T4xQ,1.0
ICimDC0cbPBMfeQd88IicQ,jtvy90-8KNih9-LanDTiOg,1.0
ICimDC0cbPBMfeQd88IicQ,RHhjgjO1gVmO_xGCUYqLwA,0.5
ICw43H7hrbSuXTjDBmJxbA,57HulgI0Ju8Xj5cpxnmu1g,0.5
IKYlLupfcXakHr8uzyVsuA,jGajKCm6-urgLQeNyeL-FA,0.5
IKYlLupfcXakHr8uzyVsuA,xBWTtwUd3tFCX5vobs2p7A,0.5
IKYlLupfcXakHr8uzyVsuA,lUM741nAWb4WL-pGiqo7Bw,0.5
IOxRbnv2YnLtErYY3TrU3A,BV5aiE5jxaUyCbiYpUEF_w,0.5
IOxRbnv2YnLtErYY3TrU3A,uyFQv-D-E5JfNIu3_xOVww,0.5
IOxRbnv2YnLtErYY3TrU3A,WvkxYyA1fXDPDyqIVn8zBQ,0.5
IOxRbnv2YnLtErYY3TrU3A,WEs9MN1M6tixwEz844jCUw,0.5
IOxRbnv2YnLtErYY3TrU3A,j6MtKpKdqZC2wXnQetGBIQ,0.5
IQX3xhULWqk16a-vU1ViLA,DPQ7ZE5788qyir6_uNgZeg,1.0
Icj9QzQxqvzOmPm_liAq1Q,1hSGeXz8tCMvi7tBkP4CTg,0.5
IdjZYxqGmqrFpAikkoIDcg,VxncdfkMZ4CLCbkFAGRhvA,0.5
Ijdoi6pDMK3Burw3TtAOZg,jYU4Nd71giCWpLuj5JIxgg,0.5
It_S0wF9SiitmNI3dwx6iQ,2FQ4fhO6_gXCYRDsw5wtQw,0.5
J5U-nbhKSnnX7DJGT6QELg,aokqWHt8vMf5iwj8KZZ5eg,0.5
JBmdGTvwGnwDx4eNPQSW7g,MFfK5cLkIjdD5ONn0qB_aA,1.0
JBmdGTvwGnwDx4eNPQSW7g,2Pg2pwIDa5NaAScoBFtGvA,0.5
JI88Hdn6TM6rpYIUEk_xwA,Shga7lyRNRFQWoFqTPUQCw,0.5
JI88Hdn6TM6rpYIUEk_xwA,FyfXTZpQPewhgI7zU5pVtA,0.5
J_aDvUEqJPAj4wwKs67uiw,rT7TTeYUtsDAeYQAZYvn6w,0.5
JmYYGu_FIdYVvNXRsucAvQ,a9KUNRphQVLeCsC3RAEQPA,0.5
Jo5G_-AN2S1Qv6ngeF79aw,Icj9QzQxqvzOmPm_liAq1Q,0.5
Jo5G_-AN2S1Qv6ngeF79aw,7FFlMoNoIW5W3KgCYqknmQ,0.5
Jo5G_-AN2S1Qv6ngeF79aw,PCugqia4CsE9krMJyJ8UXw,0.5
JtrOIfm4pIBEZgRIlwI_Jw,t7b_86s_Q__P35H9NXedhw,0.5
JtrOIfm4pIBEZgRIlwI_Jw,WvunDFSs2hJrPHVFqB6Y1w,0.5
KGpsB2dsdkxl8SGVUlJbZw,3B74iILT_W1ptfQeW7pIYQ,0.5
KXiwq_g2w1Sh4Y7_1nNS1Q,OsYA1vCXgopNOOpssou0uw,0.5
Kkh-LUn5p4ZmF1Bg4X9sxg,4OjdqmThsVRglRccfqDAWQ,0.5
KokCcoahHa2ajm-C_7bJrw,XikzLI3Zm02WR9a2xO5C-w,0.5
KokCcoahHa2ajm-C_7bJrw,nt4EQk5UGYrfKecua941FQ,0.5
Kr5k9eEm-2dGBGGlF2HvaQ,4-0ozduHY8Ag6cwXMl8UAQ,0.5
Kr5k9eEm-2dGBGGlF2HvaQ,hamdxLntv7uASAmOSKBLig,0.5
KsQaRX0MdKULW2nMj5NoLA,Xz2-hU3EYTgxGT3AOqJp5g,0.5
Kx0MUrNQ737s-VVElk6Vig,t7-AuzRrUUWrxp1GNrIDtg,0.5
Kx0MUrNQ737s-VVElk6Vig,uPtSHqkT9aNrXNJdVBoq9Q,0.5
L5AFqx596wakqPkzqfRzTw,TPwDHfgelf89BDodmVJB6Q,0.5
LBWpLNSLTKZMrLWmaur42g,_FP4CBz5D8V4_3dtex9_iw,0.5
LGr-R8TgRF7rAYhSRlw_Tw,qh5dTNXritViyuqd_Ao6jg,0.5
LiSt3sVWELm7nfVIKJs0MA,MfT_6sW8qaQwkgbOUHJd2g,0.6
Ljv2PkfTrD_iy-HHqZeXfw,kyGiC1tbPuW9Ux7eV0k7zQ,1.0
Ljv2PkfTrD_iy-HHqZeXfw,x2BXa3KN1DmyT-3Jmel_iQ,0.5
LpjoMIMDTr9tagtp1Gb2Dw,gpaydg217YdyG_rwpJaC5w,0.5
LrOM46V6LRKmDn9-Inmzfg,RoszkOQBaxlMtMTGoM_wUg,0.5
Lwb6bG1Qu3BbW7FJj5suLw,J5U-nbhKSnnX7DJGT6QELg,0.5
Lwb6bG1Qu3BbW7FJj5suLw,dE_5fWVjBA0W4H7q2iwijQ,0.5
Lwb6bG1Qu3BbW7FJj5suLw,aokqWHt8vMf5iwj8KZZ5eg,1.0
LyGab6ITDEMDI5E0YcC0Ng,hP2DOm7E2H4P7MOS7XN_SQ,0.5
MDm45O3RLf90hKy-tVsfNg,HpIEmY43r-mnjmwj_qg-qg,1.0
MFfK5cLkIjdD5ONn0qB_aA,2Pg2pwIDa5NaAScoBFtGvA,0.5
MOd-00nJo6xwg-cZT-RBTQ,Kb43diOoBV4l77bxpn2k3Q,0.5
MtHG_yRGu4JYGA6GOVMZvg,DajZcGEZCJXoIPu_4vQnBQ,1.0
MyC3J3Pnjj9_TaN8xdaSrw,kX0br64oB3_o4TY1F5NXkQ,0.6666666666666666
MyzHX25YsYxrs1G3EVyGSw,zgmslJH4f8rIJ1TKSrx3Uw,0.5
N-U0o7hIKy3Z6KY_O4RuPg,vgVQFufjuqDaHj19ntOiFw,0.5
NKpwKdjEG8nL1rI60aYHmg,0OOmvIS1Tb5ccYOCvq4Yeg,0.5
NUGa_UvqPCmq7G2Qm-AByQ,5_5AT_uw_akxMIu_8LLhew,0.5
Naa6E0YU0Wr7jCuCE3pYtQ,xqWdZ2pFlo4BatphZSZlOQ,0.5
Nm9xRoLxn4a_q4XlVAJfSg,-ml57G52t4mQpYRHe54HWQ,0.5
NmPAn3xjGiTuJxyT5bxvjQ,jTyWJF78L8GfZ_EB6KwKDg,1.0
NoDhna4BsDhcl7xRPmZJzQ,toQVcwfnNn0iNqM1p0IjMw,0.5
O55zKGI1Ut2yKNSM9GULVA,8m1HM54_hE6UcQcxWTWMaA,0.5
ODDANIIoWX3dswrdAsGeFw,P9pBzaqo9m6QIhlRRSqoMA,1.0
OyBStpjF5e_iRCMXflFasQ,9SJ5sTileHeLXVMJrQiEDQ,0.5
PJOIEJgVVjh9KDBlVwjzQw,JgtawtDX0Oie8ZXz2NfjYQ,0.5
PJOIEJgVVjh9KDBlVwjzQw,REamBh8h57vu2NDtUNq8EQ,0.5
PJ_a2Ba2ZtztebTC9WakWQ,zGlwUC9fSmpaWT1i60saDw,0.5
PL9xKgFL9FB8wDQ9AKrm4g,XiQ9tKLLEPpDPlAUu40jrg,0.5
PL9xKgFL9FB8wDQ9AKrm4g,R9TTzn-Q31vSeFywvVZoTw,1.0
PNRSuNZyLLEo1gmHtb0CXA,CuyHam2xMGNrGjaToZjcig,0.5
PNaEe5K_wpSWF8kqwUYMgw,ta5soWHhQeNfkbw5kBhFjA,0.5
POiWEckMIOqX7TgBxXgCzw,0l_HQpZ4gsR5T6Ejqcgi2Q,0.5
PVe9mHxZTmZ_BrIP3URktg,_yVbVcc5QqtQk0vvQ-T2oA,1.0
Pcij9Zvllmj-oge8N-uSzg,l2kzkT3iw10kIq2nIWRbgQ,0.5
Pcij9Zvllmj-oge8N-uSzg,PcfFrGL6NgS0gqneNE8R0A,0.5
Pcij9Zvllmj-oge8N-uSzg,YJ6co6ywD4OeftiVIiJMKQ,0.5
Pcij9Zvllmj-oge8N-uSzg,hqWNpbCEzt7EzUeWkDqjBA,1.0
PgMt7JtwUB-QUoRZAbwUng,a9KUNRphQVLeCsC3RAEQPA,0.5
PgMt7JtwUB-QUoRZAbwUng,JmYYGu_FIdYVvNXRsucAvQ,1.0
Q1l-m9N_g-dJ6WGFoOsiCw,JfC7ufsnkzAwNFfoIcAHNw,0.5
Q3CQumXTxIPC0wecw3-C_Q,HzvKe4EbQF0Wtf_WzIcvQA,0.5
Q3CQumXTxIPC0wecw3-C_Q,VdWMXE1mw1-XeAYlq2T4xQ,0.5
QDYOU5G_X0PdbN-_WzxBiQ,I4k8ZjZE1ugtC10g7vyRpQ,0.5
QS7_BPmaBNvznOMhcVBemg,FndkIvEO5vjb0s8cRpzsKg,0.5
QS7_BPmaBNvznOMhcVBemg,tzLBPCVz6uB7vWgDTU6Ujw,0.5
QYio9HySny2cMcIs8YjMCQ,4uMAsbmiYC3O6BfsMJJTJQ,0.5
QbOX7RjK_LUcvruRgbXlsg,6B2z54cn3Ak38UCiPq0luA,1.0
QeyLKrpD_F_D5QlPb9MrdQ,obUj6W57aPeGoiIYuayrCQ,0.5
QqVfWRqOO_exljN8IWgeLQ,yDk_gqG_h24zqu4dGp6Mkw,1.0
QqVfWRqOO_exljN8IWgeLQ,YTmnXQxBuNwU_L3uQGH2-A,0.5
QqVfWRqOO_exljN8IWgeLQ,XguKrY0dAuaK1W6HUlUQ1Q,1.0
QrTL50teau4rhLOey5_-SQ,QcYFioyAmGhub0Q6x8bqLg,0.5
QvsNq6x0kQN0cK7emBpAJQ,VsajJw_iaIvVbxQ0aWCTxg,0.5
R6CvLpMoDEGQ7QApfVUvyw,JkncPZ1jFi0_n23Ptl8jGQ,0.5
R98xd_D7pRDOFsLd_EOymQ,zSETUaH_YvQ7u-OsNYmVUg,1.0
R98xd_D7pRDOFsLd_EOymQ,oxhDYYzWZiOhAy3Q-YLIJA,0.5
R9TTzn-Q31vSeFywvVZoTw,XiQ9tKLLEPpDPlAUu40jrg,0.5
REamBh8h57vu2NDtUNq8EQ,BLGo7Hnn6080YJHJAtifOw,0.5
RHhjgjO1gVmO_xGCUYqLwA,jtvy90-8KNih9-LanDTiOg,0.5
RN3iw6o5FZXRuZfjI5ojFg,ugIDAeQPfKs9GVBaPUSBkA,0.5
RN3iw6o5FZXRuZfjI5ojFg,rPeHN1B8FyYzI7GzVFam3w,0.5
RaXras2GhbluJs68TSC3Bg,vs8orAK8nDXFxFiIfv0yYQ,0.5
RcpBuH5LHNj1v9MT1JK22w,mX9wWpoz1x6-snTvxlIOOg,0.5
RcpBuH5LHNj1v9MT1JK22w,_C-KsbyON91RH6cWKUfT5g,0.5
Rkm9dnwVK376jSOIytmhHg,PvbUrJ7ZM-h1HQp9RoicIg,0.5
RofPcfgxItpYw1eQ3e1Hjw,u_MdwAj7eGenc0YhqQy6nA,0.5
S4AoACdQHexs4tMiodZiYg,VdWMXE1mw1-XeAYlq2T4xQ,0.5
S4AoACdQHexs4tMiodZiYg,guKEIlmotSbtbi500bQNXA,0.5
S7TY9oCMqK-TffWrygetcw,eJtmOfqwGj5sYKQrB01oWQ,0.5
SEGOA4olYPMlfA45H3gF0g,yzAB_pRwk8FJl3aILiiySA,0.5
SdZ05lwYsXH4o03Tp_mH8g,4OjdqmThsVRglRccfqDAWQ,0.5
ShGn523XhgUSAWXrsS_TPw,3fTi3cxEnPCLSn-trfFVng,0.5
Shga7lyRNRFQWoFqTPUQCw,FyfXTZpQPewhgI7zU5pVtA,1.0
Shga7lyRNRFQWoFqTPUQCw,F8ZTmT9pGiSF2jx9FZDjdQ,0.5
SvxSoyZn0WW0c7bFLIYfMA,9V4AGrJphOIw2RC1UoPPRw,1.0
T6pBz7Je2Bxz-Du_31LOwQ,unVOwNGRAM9_Btgfw52LpQ,0.5
T6pBz7Je2Bxz-Du_31LOwQ,rbj35x4jeuY5Anhmxx-TKg,0.5
T7o7Q_WqKDkH5_FjjgMxqw,BkFO_ynqOVeLQHuye_9Fbg,0.5
TG6m1XuLFgbYRGo-4CD9Hg,hnMdGajgg2083rWrxDb50g,0.5
TORYrU3gRwjncwQ0UOLGrg,UTzysylxduapn0GmlVa3Ew,0.5
TORYrU3gRwjncwQ0UOLGrg,4OjdqmThsVRglRccfqDAWQ,0.5
Tje8uY1C4RMUPXcw4dsScQ,3CI95LMvt4u1xqEWq6CbnQ,0.5
TlFowSzpX0k-urEBJlT8UA,_faNGF9a6X9Us1k-9XFsfQ,0.5
TsCq0UqOrKJ_ZJx7KKwKkA,FvJtjO5nuIy5erGbkJpJXw,0.5
TsWkDnmXjvXDtSeuSJzwyQ,peLVrfhLlWf_vVCFwN_Ghw,0.5
U4PakuOi1_IvOHzimI39bA,D47sxEtW7DZHfUnWKrjRsg,0.5
UDninOBVbW1aFSRvxRW32w,WcHTXumqKMt0WdF-9RWljw,0.5
UOK4ARjGtOtfYZSIm57ROw,_0d-uqjdfeL23s2xgje4Pw,0.6666666666666666
URCmJ-uP_2FyHrShsRPycA,kTTpBCzK-xeI3yESKIFuUg,1.0
UaL6yRGSv9fYCyn2DJLu8w,TsWkDnmXjvXDtSeuSJzwyQ,0.5
UbycymnVPeXDpKCgMssZhA,hntnEJN_wGWG7KQjZ4aVLQ,0.5
Uigx_t_hzoZMlJ04AWWF8Q,NH6ryfY5gRpvuUUWnWanAw,1.0
UirWbEXBYqw9cE63Ph-Png,BV5aiE5jxaUyCbiYpUEF_w,0.5
UirWbEXBYqw9cE63Ph-Png,j6MtKpKdqZC2wXnQetGBIQ,0.5
UjNhSbSZl0TyDuDLSpo12Q,db46vGD3SOexBVY8bNLWBQ,1.0
V3axGcLhzheRP8VBvS13vQ,Hb72oiMn7DmE5Ag5px01Fg,0.5
V57p_HiFzTokk_7nRO4weA,z65wZ11iw7Y-WBZ9UDZhnA,0.5
V57p_HiFzTokk_7nRO4weA,tRdVEMAtQRdz-Cgw-ff4-A,0.5
V57p_HiFzTokk_7nRO4weA,ugIDAeQPfKs9GVBaPUSBkA,1.0
V57p_HiFzTokk_7nRO4weA,cOqd9ou3uf-1k3OWFo-_CQ,0.5
V57p_HiFzTokk_7nRO4weA,RN3iw6o5FZXRuZfjI5ojFg,0.5
V57p_HiFzTokk_7nRO4weA,XxvyLuorygB8u0XBIDwKjQ,0.5
V57p_HiFzTokk_7nRO4weA,CpqlSQEt7eLl8GVmGMlXLA,0.5
V57p_HiFzTokk_7nRO4weA,rPeHN1B8FyYzI7GzVFam3w,1.0
VAk486TtnAnQZa9sCsNBwQ,zRth6wH1D21hrpUdCc9Vkw,0.5
VpFUraD3fuFY9qCcvgMntA,h-1cbSCEMQlf3ampVX6pLw,0.5
VsajJw_iaIvVbxQ0aWCTxg,OhaPJVEl66X3BljYTOkbHw,0.5
W0WzUvhJpldw17kDtCQk-g,FlSz_R7LkZE-eqNDuQ_CjQ,0.5
W0WzUvhJpldw17kDtCQk-g,fyC9gornWONtfkVEO4pqbw,0.5
W44UUsJYgr7yHBs3sjUMXA,wtE6O9u1ni81T_TW27uYgQ,0.5
W8mEfy_DuWDpxS7ub8q3iw,aK2nwA5u7-WXbCoh2zH1bQ,0.5
W98fZXdlQIUBRjWah7U-ng,xD0qY7CyI2PCcr0lvVp9-A,0.5
WEs9MN1M6tixwEz844jCUw,BV5aiE5jxaUyCbiYpUEF_w,1.0
WEs9MN1M6tixwEz844jCUw,UirWbEXBYqw9cE63Ph-Png,0.5
WEs9MN1M6tixwEz844jCUw,hEtb2D81MtRfKuAd1FdV6w,0.5
WEs9MN1M6tixwEz844jCUw,j6MtKpKdqZC2wXnQetGBIQ,1.0
WLu8QHuN6zjlBEJ7HXIg1Q,Sb1zux3s-WoarWD_gcehjw,0.5
Wj-73Uu3U79CGK_H_kyAsg,E2hSxPmu4V1POrN676y_Qg,1.0
Wj-73Uu3U79CGK_H_kyAsg,NdQzxU4hHk25mUoltnw4wg,1.0
WvkxYyA1fXDPDyqIVn8zBQ,uyFQv-D-E5JfNIu3_xOVww,1.0
X4Xn690XJMxIVdyjTYhsEA,RofPcfgxItpYw1eQ3e1Hjw,0.5
X8vBib9PoVh-jagZlpG2dA,ssbvut8dheDwi_ydpn1KNA,0.5
XNFA-aJFX8IQjol8Dg6GnA,dOEMnyvSk8njKJfqsDaqMA,1.0
XNqfEq_CVYltOfg4aUMQrw,Ts06pljQ5-XMtwTmzjCkFA,0.5
X_3YHo0kMRrgTG1G1saOmA,cTqIuG-fvlQQL0OWzsFdig,0.5
XbG4OgFoaSIxQxVRhTxU2w,I-TOun_YsoMBVM9QWW8C1g,0.5
Xdagpu9Jz65fBmOSjjOJjA,6wc9X5L4kOXV2vm0ptlbSQ,0.5
XdfYrFt4tkHn3TZWtBPDWw,eNfSygNzzmwR33QXpfC-Qg,0.5
XiQ9tKLLEPpDPlAUu40jrg,4OjdqmThsVRglRccfqDAWQ,0.5
XxvyLuorygB8u0XBIDwKjQ,ugIDAeQPfKs9GVBaPUSBkA,0.5
XxvyLuorygB8u0XBIDwKjQ,rPeHN1B8FyYzI7GzVFam3w,0.5
Y4aFR2VSgSz07idEJEX3yg,640Up5vPJ8xUE4Nmci6yXw,0.5
YTmnXQxBuNwU_L3uQGH2-A,yDk_gqG_h24zqu4dGp6Mkw,0.5
YTmnXQxBuNwU_L3uQGH2-A,XguKrY0dAuaK1W6HUlUQ1Q,0.5
YXwYUDFAQD1sNm2c_5rT7g,_JerBc7MgOit4xrZvuYIvA,0.5
Z7r_FJXEyfyvVsyv2y7gFQ,tjM2CZqRJ17oFapBTmGovw,0.5
Z7r_FJXEyfyvVsyv2y7gFQ,lrrUyxzlvqp-niBEj6_6dg,0.5
ZGIkQIh3KTLM1yOCNpvU5Q,aELkI0mfF1EbQo_m44vEKg,0.5
ZL6BK8wweb-8ncJ7kFIG-A,9-eAUaJMBhsO2uRt5sgGdw,0.5
ZY5m6GroUZDJWTiInDXFVQ,vadTcg3fvqiXj0Bh9Lv3zg,1.0
ZY5m6GroUZDJWTiInDXFVQ,gpaydg217YdyG_rwpJaC5w,1.0
ZY5m6GroUZDJWTiInDXFVQ,LpjoMIMDTr9tagtp1Gb2Dw,0.5
ZY5m6GroUZDJWTiInDXFVQ,wvV-mcM-Djgv6Z29rnwlVg,0.5
ZZ21awWC5fw0f0Ip2lM8xQ,gp0lkqiaQ-LQFUPwztYl0Q,0.5
ZZ21awWC5fw0f0Ip2lM8xQ,owV0aSgh4t_9aG56iPxGEw,0.5
ZZ5KRLz9TuNs66Y2KYsxRg,x_qKFuYPAAO28E7tQGXZaQ,1.0
ZZ5KRLz9TuNs66Y2KYsxRg,uLgtYu92vV5vosltpBP_hg,0.5
Zgw8DXu5nApQwq6VLEsflg,rqXZ8f13wnGL03AhkhfDiA,1.0
ZtBW0tQrqdIg4U303IFJGQ,zohR5_VezlcJvhMdp0NXEg,0.5
ZyngwaGb_qLTwCvkU-MP5A,KSIojNhortNYG6MHqjTxlQ,0.5
_C-KsbyON91RH6cWKUfT5g,mX9wWpoz1x6-snTvxlIOOg,1.0
_GQtY4e4mwQlm-f3DwCIDw,bKkg_SW-lWU2XDNVodksOg,0.5
_HhZV5S7sypfcE2AcEkL4w,HpIEmY43r-mnjmwj_qg-qg,0.5
_HhZV5S7sypfcE2AcEkL4w,dutu1EkjTaTiLmBIkOAeqw,0.5
_HhZV5S7sypfcE2AcEkL4w,UOK4ARjGtOtfYZSIm57ROw,0.5
_HhZV5S7sypfcE2AcEkL4w,MDm45O3RLf90hKy-tVsfNg,0.5
_HhZV5S7sypfcE2AcEkL4w,p2VzdhjSjLMO9198mPEVUA,0.5
_HhZV5S7sypfcE2AcEkL4w,LdA9FSWSIqj-6_fQw1mLdA,0.5
_PKa6Dj06Q2AHKGkpJ7GnA,AFaUDCTQ8LC33Nfmb_KWhg,0.5
_ZZoIQJHT6NwhdrYotoOag,BEWCJ_RCjV09UXZNrOLCpw,0.5
aANR9KZfeCMVF6kMls58Sw,tjM2CZqRJ17oFapBTmGovw,0.5
aNgaELztvHgzkGK4HAHYzA,ep3-l1UJJMkKHLLtrh1Uvg,0.5
aviDjlixlwW2FnK8V1dEnQ,EUtPSmcxmdhX7eGpi1T-dA,1.0
aviDjlixlwW2FnK8V1dEnQ,pOAj4Yg5siEGTwxvlYccLw,1.0
azJAJh8oivpsU9HzlLS6EA,fyaURNYm4MCgTIKu64V2fA,0.6666666666666666
azJAJh8oivpsU9HzlLS6EA,37_fNrTNrqYGJnwdqtXQ9w,0.5
bOso8pNCnJuFFymNbiNY0g,OjUCIepQRbJPw6dmovxt2Q,0.5
bQ8ndy52Rcdv3uYvoJWQ_w,ZlCSsWS07JulSBIQlrbF5w,0.5
bhbJgoaQc23cfNAYSrHoZg,TBBeSHTGuaK9Jv09j3iDuA,0.5
bjnoRbgX9iNob7XpXdiPYA,U0eUwTGWDBVdE67qVHYEjQ,0.5
bkh5o6bCzDCovSkRYBsU1w,xeN57OX3lJfY96nfEx63fg,0.5
bp5HXaxxXW672PNEjR1T_Q,APTiouqg0vmMznY_UoJ6MA,0.5
br19XpHNLqMuMp1kObb7pg,hU-2Uu8el-PgcE6EXeg3bA,1.0
btoBhgcY7vtvQ2M0itdTBQ,2qIZlW8YSLL8a7I6KkJdHQ,0.5
cC9wi58GkVqWDHhc0rYxeQ,D8whLHsJ2f_tM3Y2lJgMOg,0.5
cCM4ERe4Ot9oMuAiJb0F_Q,HjJp2tI4Xzs7MKyL31E0DA,0.5
cKgkSMcPXwWTzPrJRpa2qw,-Mm02AeY1PMGg-l-ShMxUg,0.5
cS5eXA7BW7I2IxLw-sx9YQ,hbC_iLadZFYVLLO7crmi-A,0.5
cTPQYGWHhR0v-t5fKU_mWg,MtHG_yRGu4JYGA6GOVMZvg,1.0
cTPQYGWHhR0v-t5fKU_mWg,kTvZKyQ28vWeYVKAyq5XyA,1.0
cTPQYGWHhR0v-t5fKU_mWg,DajZcGEZCJXoIPu_4vQnBQ,1.0
cmEM2YwTaMoREvxUksco6A,vxVVBGJCrd1F5ELKpFc-Mw,0.5
cn9mCAnqN125EDG-FLP7qg,qUcdv_IREg2KnhqZZB96ug,0.5
crBw_Hq3gCkppirgjnIl4A,b3RN5ZF0F23CpXM9RIL1Zw,0.5
d5jY-uA0Zh33oFhENHuEcg,NAMGicuH3h-wpFjSDBYNNw,0.5
dE_5fWVjBA0W4H7q2iwijQ,aokqWHt8vMf5iwj8KZZ5eg,0.5
dN7QHtYsN8n77z-r9zjzsA,F80J7YybxcmwHpPkbEsd-g,0.5
d_3T8hgY7PAKGW-t4LCHvQ,yDfOSuljYJdX9zftLbTbxw,1.0
d_3T8hgY7PAKGW-t4LCHvQ,r8h3_Chc7davvVelcvV-NQ,1.0
d_3T8hgY7PAKGW-t4LCHvQ,eAxG2aLSnxtgBYZGSm0njQ,0.5
d_Wm9CpzIo_0T-XLfq1UcA,0aA5l11oXes0aS6mkN5lMQ,0.5
dvnv8ptF7ap4v0Uf_xBaAw,3bpMCRbjDe-rNvHAXYvUCw,0.5
dwAPMrdLwSn1KCsJzz_oLA,T6pBz7Je2Bxz-Du_31LOwQ,0.5
dwAPMrdLwSn1KCsJzz_oLA,IzOAFrYWu0Q7bFVQApZRBA,0.5
e0kSnKyN5d5nJ4nwnkX3YQ,tMKblwX0CeCDZbCz6ruyPg,0.5
e3rO7PfdGrdHPzayPtoi_A,157Y-QIXWnqQra78_WfW5g,1.0
e9gaoUQEws5tmQROZodZMg,6B2z54cn3Ak38UCiPq0luA,0.5
e9gaoUQEws5tmQROZodZMg,QbOX7RjK_LUcvruRgbXlsg,0.5
eAxG2aLSnxtgBYZGSm0njQ,yDfOSuljYJdX9zftLbTbxw,0.5
eCRuOGecY2aYqHkGtmE2Mw,_KyPaRV9LihhWKqylx2Keg,1.0
eV7eaUWfe7LpmNHIaNvYZg,4OjdqmThsVRglRccfqDAWQ,0.5
eVJGuoslmQyurMlIgc6MiQ,O2VozrKsEGiAXDxxK8-_Ig,1.0
ep3-l1UJJMkKHLLtrh1Uvg,gtqtnzgzDCWVFi298dIvow,0.5
epWC7CGRbNHkXM7G2ulYzQ,VPSgUyHuxUXhYTcPgGjiDA,0.6
fJDv3U-BlFtaIjqBbzD3LA,iht90lGQE6FSbyvC6mi-WA,1.0
fKZJdcRb6MpyfZSiRis5Ww,P3Nl2QTfUtoe8-alSSh-9w,0.5
fKfmHoSI87sq1H6LT1eXmA,tr_VNfk6Q0fUfdwrkQEgQQ,0.5
fOqRkFQNazfaAkH2eD_G6Q,hjABTon2vVSrfjL5o9_CGw,0.5
fOqRkFQNazfaAkH2eD_G6Q,KEyjG-6G4Dbo3p1Wmnxs4Q,0.5
fP7IcL8MLacdVCTGwn8xZg,Vj-QgRXDpCm7vLBBSckx8g,0.5
fQguRJYXGmYa4mFcpyhHmg,mWEltFSw33nARGPLvZiAJw,1.0
fiinXBUEam4Sxdt1ZV2KVA,8TBDAWJCxI9O4S5ik0W3GA,0.5
fuCpY7v9ayBi8d90B1EGEQ,WvkxYyA1fXDPDyqIVn8zBQ,0.5
fuCpY7v9ayBi8d90B1EGEQ,uyFQv-D-E5JfNIu3_xOVww,0.5
fwznZTqJ4bVOfMCOniHCxg,_0N_Ztu6nOI7QmhIUNsqVQ,0.5
fyC9gornWONtfkVEO4pqbw,KYxiIkANSVjLhdO939GK6A,0.5
fyClLpkq6opjXiWMJoLfFw,7fd6f-fSS9pJrJ4eE1oY7w,0.5
g-2x3EOwRYMezkSS_lIdxw,vrSJPjntzfCPgogFPSCHiA,0.5
g6L-oVN4geIRdABs8we-zw,4-0ozduHY8Ag6cwXMl8UAQ,0.5
g6L-oVN4geIRdABs8we-zw,hamdxLntv7uASAmOSKBLig,0.5
gJud4JjLUyEwtUSKslsnjg,s1caSnyNUm_IFRAzHkGiQA,0.5
gThcxl68mcV1W_n5p6wTJw,xnEZ2SPQ_wBzIUoCV6I3AA,0.5
gdPvWf5FQhHVeeUofY7_zg,zJRJX2-xnxHCUXA5WbBYPA,0.5
gdPvWf5FQhHVeeUofY7_zg,gr6bEDPxHj5gPL1AfELTmA,0.5
gm9DafmhqshATPAcjlbe0Q,fZ8yXYcTV7VOzNd0Zaoe3Q,0.5
gqRfs-c6gx_tcIx63Fx4OQ,rfvdrAv1yq5_5mFl-aOAdg,0.6
gwOkvJJcIewDF7aZh_VMBQ,v7euq6W4LEKFtYnlYhh7Vw,0.5
gwOkvJJcIewDF7aZh_VMBQ,Rj7ph5EHlpIbRrSNXDy87w,0.5
hB3-pvW_Q85lCpUxJMn86w,4uMAsbmiYC3O6BfsMJJTJQ,0.5
hBOLo0Zg_3hlQ-z-3FkF1w,yrC2AxuY3wXNodbuClLRGg,0.5
hBOLo0Zg_3hlQ-z-3FkF1w,KqhvtfJITeZDVubTnMVAlg,1.0
hD03alkIFsIyoN2rszpeOw,cQvH2Dnj3yf7zafC5a85ow,0.5
hEtb2D81MtRfKuAd1FdV6w,BV5aiE5jxaUyCbiYpUEF_w,0.5
hEtb2D81MtRfKuAd1FdV6w,j6MtKpKdqZC2wXnQetGBIQ,0.5
hHCrU2X15lTG0PGrhc4KJw,NyK0QIKYxmoCCwQED1-Aug,0.5
hMgIF04rrJ7oB1lGIpFt5w,BkqM_Ou82P3gn_PTxEN3pw,0.5
hQ1MOXOV5GBjAJv9W88lwQ,OH0LxbsALqY9vk5dMKCZ3g,1.0
hntnEJN_wGWG7KQjZ4aVLQ,Gf40Ghm5UXOPjyeURX7s8g,0.5
hqWNpbCEzt7EzUeWkDqjBA,YJ6co6ywD4OeftiVIiJMKQ,0.5
hqWNpbCEzt7EzUeWkDqjBA,PcfFrGL6NgS0gqneNE8R0A,0.5
hzPtb7pO7DB4Kext89w9Rw,xHDW6S2GnXYX8hK74EE0Ag,0.5
i-LDatuEXFN3EDZK1sgllQ,qQk-0rev8PFpqzejx07QJw,0.5
i-LDatuEXFN3EDZK1sgllQ,CrTbzS1sdzgnBlJU6fYKpw,0.5
i-LDatuEXFN3EDZK1sgllQ,vYPnPOlfZ6BcncPccVFLHQ,0.5
iO86eCaZJBHqi1sZ1ELk6A,K2lscpx0S9wpqNz0s9AIwQ,1.0
iqU-pcyvNJjmy4pEN2Nepw,iGOy8Tc9zeewn5BW2svW-g,0.5
j6MtKpKdqZC2wXnQetGBIQ,BV5aiE5jxaUyCbiYpUEF_w,1.0
j8DRGteeJ6iBy918RWiEog,FzzKlIzJSagomPPisoKS5w,0.5
jGajKCm6-urgLQeNyeL-FA,h67mMWvVdHQ0J_maNcXsXg,0.5
jGajKCm6-urgLQeNyeL-FA,xBWTtwUd3tFCX5vobs2p7A,1.0
jH6h0yH0EMqq3h-8T0q-ig,rSAV1CDpqkNKumXyUx1BAA,0.5
jH6h0yH0EMqq3h-8T0q-ig,fp1AV66Uq9mo_9ZhZIIpcQ,0.5
jUJxyS-gvO2ICsU0p4zqEA,g5yxZhX-szx9iI4p5TjrzQ,0.5
jv4SEJUQ44WHrxuUK8bWeg,69TTOqH18qztsroIii4e6A,0.5
k441Clzdv9Ia4QZanEne3g,a3hjBPsnpcTpcquQXLeS0w,0.6666666666666666
k441Clzdv9Ia4QZanEne3g,VVkO08qlcTCkCq6t5gLcpw,0.5
kF1Rr2bMPujucUihlitT2g,ui33pIJmkW0s8HddH_ZZ9A,1.0
kTvZKyQ28vWeYVKAyq5XyA,MtHG_yRGu4JYGA6GOVMZvg,1.0
kTvZKyQ28vWeYVKAyq5XyA,DajZcGEZCJXoIPu_4vQnBQ,1.0
kUPEXMZE6Jf5-f_I37ppxw,yrbLNAtCYskOFZn9LVcpCA,0.5
kb0pDbcLA3-Ev1HraB7_-A,8m1HM54_hE6UcQcxWTWMaA,0.5
kyGiC1tbPuW9Ux7eV0k7zQ,x2BXa3KN1DmyT-3Jmel_iQ,0.5
l2kzkT3iw10kIq2nIWRbgQ,hqWNpbCEzt7EzUeWkDqjBA,0.5
l2kzkT3iw10kIq2nIWRbgQ,s1av6TDj7npTFBH8HEz-Rw,0.5
l8WdId8Ya_wtV576khTfsA,_KVi6kbqS_m-PayhRei8UQ,0.5
lOAzmLdEC8fyM4KeZAnfDQ,yau0HbUmuSkmRoHORKum0w,0.5
lOAzmLdEC8fyM4KeZAnfDQ,IzOAFrYWu0Q7bFVQApZRBA,0.5
lR4ybrBnCkWI-BMeDrJwFQ,nMl2QWpH3J0r0-rdjBSefA,0.6666666666666666
lZYsctpn-T7CXKovi7RbSA,Kr4HUtvJ8zRjCqbCJRSSSQ,0.5
li5_YJhPbd4NKym2ThmY7Q,TjFD20gLdpHoqhnPdyzMnw,0.5
lnU-G15oaYWwqqbUXj9JEA,0OOmvIS1Tb5ccYOCvq4Yeg,0.5
lrrUyxzlvqp-niBEj6_6dg,tjM2CZqRJ17oFapBTmGovw,0.5
lv_ngvbgwcP5pd2hauMOTw,vvGfIqzVqyCu8ODIyQzkFQ,0.5
mO786Fl-KJV82FrW00RzBw,ugIDAeQPfKs9GVBaPUSBkA,0.5
mO786Fl-KJV82FrW00RzBw,V57p_HiFzTokk_7nRO4weA,0.5
mO786Fl-KJV82FrW00RzBw,rPeHN1B8FyYzI7GzVFam3w,0.5
msetABs9DxGFYjEi3gYSCA,qBBaGLP9hquec2arukhVOA,0.5
msetABs9DxGFYjEi3gYSCA,85kGE-lS_psgvf-8wQffsA,0.5
nFwhNevX1CuFp04Qlcpl6g,rb6BYe7M1t8GTpz4NZC9Uw,0.5
nFwhNevX1CuFp04Qlcpl6g,Teo0RZJg-zTFiH61JP3ZGA,0.5
nG28kqPcAGDgFmnyzfEWXA,a71tKj0tGDA-dS3yBJaqjw,0.5
n_EUCiFdOmS0tnld-doN2g,7rf7j0WPx7kYZj5GAXKS3g,0.5
nbNbf1SWM4JYSQnM-Z8ZLQ,GkfO4Lc1osCKItP4lWaVzg,0.5
nmpPmJpNJHnG3b-x4KNTEw,qharoRpIxEun9X_8OT_jbg,0.5
nmpPmJpNJHnG3b-x4KNTEw,taMQgmflcsBSBHM8Zo_q-g,0.5
noZNxJF_q9V3Iox5qG2bVA,hQXN51Oq0Oje3Ck9nwsGLw,0.5
o5Mofj5KJkYAMs_fhxftpg,lrrUyxzlvqp-niBEj6_6dg,0.6666666666666666
o5Mofj5KJkYAMs_fhxftpg,Kws-gPJjF4RxLxJE_2BjKQ,0.5
o5Mofj5KJkYAMs_fhxftpg,-Jhlh8Scjy669NdtCfKSSg,0.5
o5Mofj5KJkYAMs_fhxftpg,xistlMeIIjG21z2SaWvfVQ,0.5
o5Mofj5KJkYAMs_fhxftpg,u_MdwAj7eGenc0YhqQy6nA,0.5
oRmCI0p2mvlrGwilJloFTQ,CAOnmH06liJa74jkK-uZ3A,1.0
oRmCI0p2mvlrGwilJloFTQ,6QKauV9Qt9VgX38-R7Q--g,0.5
oRmCI0p2mvlrGwilJloFTQ,GoYN0XMH_ETxzMlD6NPczQ,0.5
oRmCI0p2mvlrGwilJloFTQ,8D2R7acumiJgJXJ5NMF4GA,1.0
oWlw9371cuPN-dQ-VEwgYg,Syy4Gr1JrxICbiDm64go3Q,0.6
oWlw9371cuPN-dQ-VEwgYg,3S8ofvLdDZUE2M7L5eDquw,0.5
oYV7mtazpc8LDGMWmbU1Jw,7jKDOB9b_nijq0-djwyUTw,0.5
odYVVzTk1OGRMtp7P0n7zQ,hf2oiNqYYWoF2-iNYSnOMg,0.5
or4yipilbCkKIFnF1RP5Ow,KmOl0a5UhaKAK8S_K7HCTA,0.5
otfSRZ-vIPddp_fOoZG4Nw,rGd0AChH-jsPf0JBdsx77A,0.5
oxhDYYzWZiOhAy3Q-YLIJA,zSETUaH_YvQ7u-OsNYmVUg,0.5
p4db4wsINzJmV3ZbCZZoVA,AXb5gCwqHl-_v6ZIMb1mXQ,0.5
p6zSxr2nnRzJJ93LthQftg,B9dxWJG-8Sp2hbGl8QjUOw,1.0
pFPryJ4XEzuiBnaUu5LINg,ZKvbVqYc2OsqXSlYlNsBGA,0.5
pKUFmHLUn1bBVKeEOePgRQ,_JerBc7MgOit4xrZvuYIvA,0.5
pKUFmHLUn1bBVKeEOePgRQ,7siEeRGqAJ730IkwAtcWAQ,0.5
pVLZQRs67CF4gZCEYCe_3Q,PBmfdx-tC2D54FI3HtcKww,0.5
pif8Io-Jn2veckVGzkEyJw,QbOX7RjK_LUcvruRgbXlsg,0.5
pif8Io-Jn2veckVGzkEyJw,6B2z54cn3Ak38UCiPq0luA,0.5
pmsGwCJoMjtj-wwP78PIWQ,2FQ4fhO6_gXCYRDsw5wtQw,0.5
q5O7SDxC6GpThfEdOYKw4A,HpIEmY43r-mnjmwj_qg-qg,0.5
q5O7SDxC6GpThfEdOYKw4A,UOK4ARjGtOtfYZSIm57ROw,0.5
q5O7SDxC6GpThfEdOYKw4A,LdA9FSWSIqj-6_fQw1mLdA,0.5
q5O7SDxC6GpThfEdOYKw4A,7wJmtqPXXfK3NB_E8oOUGg,0.5
q5O7SDxC6GpThfEdOYKw4A,p2VzdhjSjLMO9198mPEVUA,0.5
q5O7SDxC6GpThfEdOYKw4A,8hkRhWdnSWQswxHHQb5x9g,0.5
q5O7SDxC6GpThfEdOYKw4A,MDm45O3RLf90hKy-tVsfNg,0.5
q5O7SDxC6GpThfEdOYKw4A,dutu1EkjTaTiLmBIkOAeqw,0.5
q5O7SDxC6GpThfEdOYKw4A,_HhZV5S7sypfcE2AcEkL4w,1.0
qBBaGLP9hquec2arukhVOA,uJskEypcuwx_WhCWiSmJKg,0.5
qGW6A2w5E0rfQV-0f5jrVQ,XINJ-vDLuS9gqyAcopeyKQ,0.5
qUcdv_IREg2KnhqZZB96ug,uJskEypcuwx_WhCWiSmJKg,0.5
qaJ-HewyVAQCQ8C_KveZ4g,gfvjmYS2BtjXs7K0aN1SYw,0.5
qaJ-HewyVAQCQ8C_KveZ4g,GTB4esadYFFyLTJX9OqNdw,0.5
qcP9AhS2tAM_oAjZ_o7U4g,zKCgTuzIk8YKWetik8GANg,1.0
qharoRpIxEun9X_8OT_jbg,taMQgmflcsBSBHM8Zo_q-g,1.0
r5pBbEFHWxlBBHs3N8QiPA,hf2oiNqYYWoF2-iNYSnOMg,0.5
r8h3_Chc7davvVelcvV-NQ,yDfOSuljYJdX9zftLbTbxw,1.0
r8h3_Chc7davvVelcvV-NQ,eAxG2aLSnxtgBYZGSm0njQ,0.5
rE7v_faHw6HLEgGL3YlAxw,CAOnmH06liJa74jkK-uZ3A,0.5
rE7v_faHw6HLEgGL3YlAxw,8D2R7acumiJgJXJ5NMF4GA,0.5
rE7v_faHw6HLEgGL3YlAxw,oRmCI0p2mvlrGwilJloFTQ,0.5
rERe5n6K1-ASMifvuawx7g,M0ODswbE4cxzoGw6U1L_tg,1.0
rIjIojn_e10JFg9nuKc_6Q,OMdr6Y6Z01lKXKVb-iGJ_g,0.5
rPeHN1B8FyYzI7GzVFam3w,ugIDAeQPfKs9GVBaPUSBkA,1.0
rPeHN1B8FyYzI7GzVFam3w,tRdVEMAtQRdz-Cgw-ff4-A,0.5
rPeHN1B8FyYzI7GzVFam3w,z65wZ11iw7Y-WBZ9UDZhnA,0.5
rPeHN1B8FyYzI7GzVFam3w,cOqd9ou3uf-1k3OWFo-_CQ,0.5
rPshoySU7Xfafoi3S0KDfg,1FGe55e-ZPkumoBK7cyjnA,0.5
rPshoySU7Xfafoi3S0KDfg,EAFuhvRxoAhYARuiXCsUSw,1.0
r_QcMIgY2zxdcV40kK_rxw,ldKrUirpZZ6JDnNwOwLpvw,0.5
rwyEBonWH2nhxxxQo6X1nw,lUM741nAWb4WL-pGiqo7Bw,0.5
t7-AuzRrUUWrxp1GNrIDtg,uPtSHqkT9aNrXNJdVBoq9Q,1.0
tXZxc-3HcXvj1Z-Tzs4Mkw,s8PwBK300SvyJ-dxL-FOpg,0.6666666666666666
t_XpjR3_Cf7r9tj3w3vAbw,fOqRkFQNazfaAkH2eD_G6Q,0.5
tnb-T2Yagbh7ZknOrhSQXQ,fZ8yXYcTV7VOzNd0Zaoe3Q,0.5
tpGXuR5HYhzpCYtzqkxGCA,TBBeSHTGuaK9Jv09j3iDuA,0.5
tvhcshPITUGa_ffUlU-BHA,eNfSygNzzmwR33QXpfC-Qg,0.5
u7jiuYiz-zVwsh0TGRHUIg,CKqHfvcqx73-Uz0xGMHL6Q,1.0
u9Lgh3IH1l_TVEOPZ7YvSg,arkOZb9cazVWeoUSCL_2UA,0.5
u9zsTjkceESEEbncLBChaQ,4-0ozduHY8Ag6cwXMl8UAQ,0.5
u9zsTjkceESEEbncLBChaQ,hamdxLntv7uASAmOSKBLig,0.5
uDKO9NRkk8ThjyLdlakVZQ,D8qUkxB9IpT8IhnZV23auQ,0.5
uI85wwAw_SQXyObv-cwfkA,cmEM2YwTaMoREvxUksco6A,1.0
uI85wwAw_SQXyObv-cwfkA,vxVVBGJCrd1F5ELKpFc-Mw,0.5
uLdJrH2rJwULKLopi0XH4Q,88Mq2edCXyXRtjmY_Vkarg,0.6666666666666666
uMbSCjf6D9-rZOOXQyz9LA,jZ9Lp-1alENJJNuq--qNiQ,0.5
uQ4fU_S72jTAN-TglNF8QA,H_-rsHirupzU4ujVm9UxsQ,1.0
u_MdwAj7eGenc0YhqQy6nA,mZJdFjxvVddqPN5RZdKSHg,0.5
ue57ImD1-0968ttuTGRvaA,guKEIlmotSbtbi500bQNXA,0.5
ugIDAeQPfKs9GVBaPUSBkA,cOqd9ou3uf-1k3OWFo-_CQ,0.5
ugIDAeQPfKs9GVBaPUSBkA,tRdVEMAtQRdz-Cgw-ff4-A,0.5
ugIDAeQPfKs9GVBaPUSBkA,z65wZ11iw7Y-WBZ9UDZhnA,0.5
ujNMgbk7n6Z0dtCxZkJgHQ,9sDuZJ5eMwS8Xdm9wLNIOg,0.5
um1guhIrpfBu0nt4jsR5_A,jm943jvMzR4DKIy2t1IUgA,0.5
unVOwNGRAM9_Btgfw52LpQ,rbj35x4jeuY5Anhmxx-TKg,1.0
uvVOuCbo4_5z_J5WJVG4QQ,Lwb6bG1Qu3BbW7FJj5suLw,0.5
uvVOuCbo4_5z_J5WJVG4QQ,aokqWHt8vMf5iwj8KZZ5eg,0.5
uzpdcxvlKx5BuoWU3NRHbA,xeN57OX3lJfY96nfEx63fg,1.0
uzpdcxvlKx5BuoWU3NRHbA,bkh5o6bCzDCovSkRYBsU1w,0.5
v2R_QhaLPvxKbdpJp8lPdA,_AqONUa91mBuuxS4bgSRBA,1.0
v73TnB08TylX8dICVHTbFg,aK2nwA5u7-WXbCoh2zH1bQ,0.5
vKYlrQuSymwOveLh9KxNYA,QsTvAXqop2GiShH5VTpZ9w,1.0
vadTcg3fvqiXj0Bh9Lv3zg,LpjoMIMDTr9tagtp1Gb2Dw,0.5
vadTcg3fvqiXj0Bh9Lv3zg,gpaydg217YdyG_rwpJaC5w,1.0
vgVQFufjuqDaHj19ntOiFw,Lm_Oqcg0t04ok7upUSO27A,0.5
vwpsor_zVUTJJkp301Dpog,uhRh3jq8blzxZLJH3xks_Q,0.5
w9CWjQW-tiAdWSPBzmXLvA,xD0qY7CyI2PCcr0lvVp9-A,0.5
wG3GhQJ4sV6mncGNE320tw,kPwj57sDfiJxNkYw-4M9VQ,0.75
wbNWiuY5IDbvouNQAZsS-Q,hamdxLntv7uASAmOSKBLig,0.5
wfsCX4M-uf_l-hQA1sSWyQ,yFKNTMyCQZ92M91A_yavhw,0.5
wi-T1EAilETniAbuiSBJ2A,Lycld8xZmrgbRJD4qDxgGA,0.5
wpDJUu8Ty_eyQJENUy7fIw,1jt4SuIHAtXD9aPnPqZ3BQ,0.5
wpDJUu8Ty_eyQJENUy7fIw,ImSA-iQAAV_mHd32y4VIVA,0.5
wtE6O9u1ni81T_TW27uYgQ,zi0HXFQuzMeozBwQ4iWs7w,0.5
wuHPirjfXUCpNL3XO_vHUg,3XmaqqVe6VOCR5w6Qs0A3A,0.5
wuuJhxMDAj5gGVdvobGHJg,fOqRkFQNazfaAkH2eD_G6Q,0.5
wvV-mcM-Djgv6Z29rnwlVg,vadTcg3fvqiXj0Bh9Lv3zg,0.5
wvV-mcM-Djgv6Z29rnwlVg,fZ8yXYcTV7VOzNd0Zaoe3Q,0.5
wvV-mcM-Djgv6Z29rnwlVg,gpaydg217YdyG_rwpJaC5w,0.5
xBWTtwUd3tFCX5vobs2p7A,h67mMWvVdHQ0J_maNcXsXg,0.5
xEPqWQlc77wzroKW5EbfGA,Nn2X-kVJuBjGogWT4CQhSQ,0.5
xEuBPTBLv16vNvHg_4DTHQ,OVydHLy4n5fn_o1zOPbB9g,0.5
x_qKFuYPAAO28E7tQGXZaQ,uLgtYu92vV5vosltpBP_hg,0.5
xeIIyOCTpeKUZx5cV9gTkQ,L5dX210yl63PNOfZJHgUEg,0.5
xistlMeIIjG21z2SaWvfVQ,Kws-gPJjF4RxLxJE_2BjKQ,1.0
xm7-97_FjTOChQPUr0AfVA,FFy9dIwiajcxA3gaDn6AeA,0.5
xswOBJzAg4MtfDjbYWjx1A,gfvjmYS2BtjXs7K0aN1SYw,0.5
y0maJiW69rMQRbrfXtmssw,uwO1mCtTOyzQN96eRtfk_g,0.5
y21M2pMkc0csUh0mQv7SUA,1VQmZoUwNbNik7EQs_EHeQ,1.0
y21M2pMkc0csUh0mQv7SUA,n3Lw-lO8scCxiVTlIjUoqg,1.0
y2V42mxWvVoH4NvUT_n8eg,qaS11gk1kIlrzCX1LYiZsw,0.5
yDk_gqG_h24zqu4dGp6Mkw,XguKrY0dAuaK1W6HUlUQ1Q,1.0
ySbmtuU0n0JwDODicz6Dww,7h5JUE9bimZduqjzFQF2uQ,0.5
yUB8CDsYMES3cN-xcHXCkQ,vCopginiBsz1STNhQPb8XA,0.5555555555555556
ymyEH_7lZV1ytVsSUGcsag,DBnLtge5LRkLzVqJFspfMQ,0.5
yrC2AxuY3wXNodbuClLRGg,KqhvtfJITeZDVubTnMVAlg,0.5
z3hD4GX5gSJtuqNhN-o2cg,ImSA-iQAAV_mHd32y4VIVA,1.0
z3hD4GX5gSJtuqNhN-o2cg,wpDJUu8Ty_eyQJENUy7fIw,0.5
z6b088Cu7IB2Fa237XNYxA,iIaC8f8QgaWTYoFSZYasrw,1.0
zRth6wH1D21hrpUdCc9Vkw,AC69u-cjLnkLe6SB7vv9SQ,0.5
zlQMtbgJVzXMRy3cIHww1Q,VYp2vOy8n8OSeFsngKRwsw,0.5
zm8u9z2KCwEkNiCD59UQ3Q,ede2MkaohtkWU4GtrgdfsQ,0.6666666666666666
zrtRx2bm55zVeYIpzLLm3w,PgMt7JtwUB-QUoRZAbwUng,0.5
zrtRx2bm55zVeYIpzLLm3w,vVdY2qDO7dkUrU8LXYZ1uA,0.6666666666666666
zrtRx2bm55zVeYIpzLLm3w,JmYYGu_FIdYVvNXRsucAvQ,0.5